Epochs,PDE Loss,Boundary Conditions Loss
0,0.037399981170892715,0.592217743396759
1,0.018881715834140778,0.3479006886482239
2,0.017576120793819427,0.3000175654888153
3,0.026854194700717926,0.33194562792778015
4,0.027955904603004456,0.31702542304992676
5,0.02127431519329548,0.2829033136367798
6,0.016440818086266518,0.23796647787094116
7,0.018674427643418312,0.2164822369813919
8,0.027044588699936867,0.2133694738149643
9,0.03732496500015259,0.21810564398765564
10,0.044544968754053116,0.2165393829345703
11,0.04480728134512901,0.21548926830291748
12,0.0357881523668766,0.20554332435131073
13,0.02225259318947792,0.2030501663684845
14,0.00940331257879734,0.20647978782653809
15,0.0020763096399605274,0.2018130123615265
16,0.003495388198643923,0.20779524743556976
17,0.008929409086704254,0.20615223050117493
18,0.013448793441057205,0.20299510657787323
19,0.01403074897825718,0.2004581093788147
20,0.012630213052034378,0.19738855957984924
21,0.009663701057434082,0.1974613517522812
22,0.007370170205831528,0.201565682888031
23,0.005582970101386309,0.20171459019184113
24,0.004781108815222979,0.19502514600753784
25,0.004019861109554768,0.1922937035560608
26,0.0032913018949329853,0.19560781121253967
27,0.0027799769304692745,0.1904260516166687
28,0.0023017923813313246,0.19016554951667786
29,0.0018220614874735475,0.19222424924373627
30,0.0015755265485495329,0.18918554484844208
31,0.0018700057407841086,0.19183675944805145
32,0.0022967832628637552,0.18769846856594086
33,0.003271966241300106,0.19027860462665558
34,0.004119140561670065,0.1900894194841385
35,0.004821227863430977,0.1919894814491272
36,0.004963023588061333,0.1940886676311493
37,0.004896472208201885,0.19043570756912231
38,0.004120975732803345,0.19100606441497803
39,0.0030510721262544394,0.18648378551006317
40,0.002174132503569126,0.18925940990447998
41,0.0015169908292591572,0.19018737971782684
42,0.0013046207604929805,0.1800757199525833
43,0.0014121269341558218,0.18861956894397736
44,0.0017575243255123496,0.19463157653808594
45,0.0022035788279026747,0.18903663754463196
46,0.0022706743329763412,0.19113177061080933
47,0.002380767837166786,0.19370847940444946
48,0.0020807660184800625,0.18605414032936096
49,0.0018133848207071424,0.18772011995315552
50,0.0015202844515442848,0.1860642433166504
51,0.0014369420241564512,0.18571338057518005
52,0.001516239601187408,0.1878184974193573
53,0.0013770629884675145,0.1850626915693283
54,0.0014537430834025145,0.18712271749973297
55,0.001547244843095541,0.18369542062282562
56,0.001642837654799223,0.1862669289112091
57,0.0017350299749523401,0.18937957286834717
58,0.0018483874155208468,0.18506325781345367
59,0.0017193808453157544,0.18515555560588837
60,0.0014606344047933817,0.18451222777366638
61,0.0017084621358662844,0.18461176753044128
62,0.0017340992344543338,0.1823810636997223
63,0.0016742676962167025,0.18381553888320923
64,0.0016667981399223208,0.1841680109500885
65,0.0016483473591506481,0.18422715365886688
66,0.0016350583173334599,0.1865900456905365
67,0.0017601419240236282,0.18550260365009308
68,0.001810643239878118,0.18918438255786896
69,0.0019225813448429108,0.18734535574913025
70,0.002086927415803075,0.18422286212444305
71,0.001873354078270495,0.18526209890842438
72,0.002071004593744874,0.17983534932136536
73,0.0020259155426174402,0.17950783669948578
74,0.001958285691216588,0.18382009863853455
75,0.0020996094681322575,0.17914226651191711
76,0.0020599171984940767,0.1787823736667633
77,0.002046010922640562,0.1881943643093109
78,0.002223844639956951,0.179312065243721
79,0.002165877027437091,0.18249072134494781
80,0.0023652478121221066,0.18409854173660278
81,0.0022544621024280787,0.17812186479568481
82,0.002431308850646019,0.1834246963262558
83,0.002481454284861684,0.18321271240711212
84,0.0026846674736589193,0.18057699501514435
85,0.0027013011276721954,0.18528757989406586
86,0.0027064643800258636,0.17957882583141327
87,0.0026130627375096083,0.17875777184963226
88,0.0029340223409235477,0.18197710812091827
89,0.002777599263936281,0.17920540273189545
90,0.00292886677198112,0.18442481756210327
91,0.0029879685025662184,0.1792452484369278
92,0.002959571313112974,0.18178562819957733
93,0.003100132569670677,0.18012765049934387
94,0.0033049993216991425,0.17977763712406158
95,0.003405977040529251,0.18157240748405457
96,0.0035700101871043444,0.18012218177318573
97,0.0034035444259643555,0.17862428724765778
98,0.0037350207567214966,0.17816932499408722
99,0.004028168972581625,0.17592853307724
100,0.003784849541261792,0.17962689697742462
101,0.003867045044898987,0.1748608499765396
102,0.004062438849359751,0.181380957365036
103,0.004254911560565233,0.1733938306570053
104,0.0044309357181191444,0.1777084469795227
105,0.004340778570622206,0.1753603219985962
106,0.004530722741037607,0.17619527876377106
107,0.004513605963438749,0.17934411764144897
108,0.005159880965948105,0.1805342435836792
109,0.004777359310537577,0.17429468035697937
110,0.005253741983324289,0.17750929296016693
111,0.0056348019279539585,0.17440661787986755
112,0.0053037796169519424,0.17616453766822815
113,0.005417029373347759,0.1757155805826187
114,0.005758712068200111,0.17402592301368713
115,0.00581399817019701,0.17189855873584747
116,0.0060231052339077,0.1733866035938263
117,0.006247284356504679,0.17508579790592194
118,0.006562845315784216,0.17682509124279022
119,0.006567942909896374,0.1719968616962433
120,0.006838211324065924,0.1700345277786255
121,0.007635395973920822,0.1688281148672104
122,0.007483203429728746,0.17171266674995422
123,0.007852056995034218,0.1717006266117096
124,0.007904672995209694,0.17416712641716003
125,0.008363375440239906,0.17118017375469208
126,0.008240746334195137,0.17032068967819214
127,0.009128117933869362,0.17207203805446625
128,0.009497827850282192,0.16936692595481873
129,0.009825149551033974,0.16977925598621368
130,0.00985979288816452,0.16724121570587158
131,0.010157449170947075,0.17041198909282684
132,0.010503803379833698,0.17114107310771942
133,0.010766297578811646,0.16699004173278809
134,0.011611872352659702,0.1682521253824234
135,0.011648967862129211,0.1662970334291458
136,0.011852402240037918,0.16725891828536987
137,0.013059558346867561,0.16570909321308136
138,0.013251662254333496,0.16428545117378235
139,0.013629074208438396,0.1641262024641037
140,0.013732867315411568,0.15957458317279816
141,0.015088696964085102,0.16632969677448273
142,0.015322056598961353,0.15776389837265015
143,0.01587720774114132,0.16804435849189758
144,0.017194749787449837,0.15942740440368652
145,0.01803620532155037,0.1605512946844101
146,0.019003059715032578,0.15668269991874695
147,0.019166599959135056,0.16193737089633942
148,0.020603476092219353,0.1555624157190323
149,0.022062178701162338,0.16177412867546082
150,0.02190982736647129,0.15822060406208038
151,0.02296176739037037,0.15463392436504364
152,0.02426278032362461,0.16017837822437286
153,0.0255343709141016,0.15640917420387268
154,0.027317000553011894,0.15655075013637543
155,0.02651047334074974,0.15321989357471466
156,0.030922438949346542,0.15208902955055237
157,0.03130524978041649,0.1527789831161499
158,0.03156299889087677,0.15530426800251007
159,0.03641677275300026,0.14865291118621826
160,0.03712065517902374,0.15584434568881989
161,0.03385871648788452,0.14913207292556763
162,0.03737150877714157,0.143260195851326
163,0.04194284602999687,0.14449000358581543
164,0.043170854449272156,0.14495639503002167
165,0.04641943797469139,0.14364702999591827
166,0.048878300935029984,0.14146603643894196
167,0.05376896262168884,0.14446040987968445
168,0.05457910895347595,0.142983078956604
169,0.050986479967832565,0.14348068833351135
170,0.06364999711513519,0.14124004542827606
171,0.05934471637010574,0.1433161050081253
172,0.06336918473243713,0.13985350728034973
173,0.06559230387210846,0.1385190635919571
174,0.07049618661403656,0.13556347787380219
175,0.0747145265340805,0.13223090767860413
176,0.0790950283408165,0.13403712213039398
177,0.08474505692720413,0.13014811277389526
178,0.08757530897855759,0.1314145177602768
179,0.09097741544246674,0.1296607255935669
180,0.09594819694757462,0.12904657423496246
181,0.09406116604804993,0.1246672123670578
182,0.09873439371585846,0.12463439255952835
183,0.10768479108810425,0.12210702151060104
184,0.10833513736724854,0.12772443890571594
185,0.11142978817224503,0.12407901138067245
186,0.11677611619234085,0.12076109647750854
187,0.1264219433069229,0.1176573634147644
188,0.1139773428440094,0.12029441446065903
189,0.13367211818695068,0.1200394555926323
190,0.1309320479631424,0.1153232604265213
191,0.13701054453849792,0.11737342178821564
192,0.14678050577640533,0.1097777709364891
193,0.14086806774139404,0.11236131936311722
194,0.14934344589710236,0.11481275409460068
195,0.15329359471797943,0.11058561503887177
196,0.16076453030109406,0.10630562901496887
197,0.15850816667079926,0.10836590081453323
198,0.16969162225723267,0.11042745411396027
199,0.1578475385904312,0.10765277594327927
200,0.16638343036174774,0.10602409392595291
201,0.17467254400253296,0.10654845833778381
202,0.16346120834350586,0.10480865836143494
203,0.1665770709514618,0.10802923887968063
204,0.17425565421581268,0.10518679022789001
205,0.1741877794265747,0.10692035406827927
206,0.17634740471839905,0.10330168902873993
207,0.18541063368320465,0.10413967818021774
208,0.18222159147262573,0.10499323904514313
209,0.17653968930244446,0.09994737803936005
210,0.18924814462661743,0.10448803007602692
211,0.1771479994058609,0.09699827432632446
212,0.17106187343597412,0.09845257550477982
213,0.17954836785793304,0.10162144154310226
214,0.18537209928035736,0.09946268796920776
215,0.18659193813800812,0.09873371571302414
216,0.17978481948375702,0.10028304904699326
217,0.18236733973026276,0.101239413022995
218,0.173598974943161,0.09794794023036957
219,0.18200643360614777,0.09839736670255661
220,0.17426776885986328,0.09840936213731766
221,0.1771625429391861,0.10154255479574203
222,0.17859217524528503,0.10299541056156158
223,0.17126049101352692,0.09613833576440811
224,0.16989850997924805,0.10373707115650177
225,0.1800108104944229,0.09632255136966705
226,0.16901527345180511,0.09993492811918259
227,0.17079341411590576,0.10002972185611725
228,0.17993882298469543,0.09581470489501953
229,0.1760396510362625,0.09489193558692932
230,0.16377754509449005,0.0970817357301712
231,0.18308471143245697,0.09550552070140839
232,0.16647420823574066,0.09457471966743469
233,0.15417957305908203,0.09491372853517532
234,0.16772274672985077,0.09086033701896667
235,0.1552460938692093,0.09270024299621582
236,0.1605045646429062,0.09394936263561249
237,0.17010550200939178,0.09099598973989487
238,0.1604408621788025,0.08857862651348114
239,0.15358571708202362,0.09154397249221802
240,0.15261884033679962,0.09355815500020981
241,0.15124273300170898,0.09058324247598648
242,0.1515006124973297,0.09601471573114395
243,0.14895600080490112,0.0880025178194046
244,0.1652621030807495,0.09447286278009415
245,0.14828139543533325,0.09184189885854721
246,0.1542145162820816,0.08736491948366165
247,0.1576443910598755,0.0903642401099205
248,0.1468919962644577,0.0911274403333664
249,0.15660540759563446,0.08883292973041534
250,0.1500784456729889,0.08521633595228195
251,0.15241925418376923,0.08896451443433762
252,0.15489532053470612,0.09063229709863663
253,0.13916870951652527,0.09111279994249344
254,0.14054927229881287,0.08656191825866699
255,0.14565739035606384,0.0864788219332695
256,0.1370583176612854,0.08572208881378174
257,0.15539754927158356,0.08936166763305664
258,0.14423874020576477,0.08744975924491882
259,0.13590729236602783,0.08637917041778564
260,0.13379612565040588,0.08497540652751923
261,0.1267503798007965,0.08620983362197876
262,0.12991881370544434,0.08116224408149719
263,0.1349690556526184,0.08621831983327866
264,0.12751755118370056,0.08569824695587158
265,0.13293546438217163,0.08550146222114563
266,0.12954214215278625,0.08502935618162155
267,0.12892305850982666,0.08417585492134094
268,0.13810953497886658,0.08823848515748978
269,0.12370038777589798,0.08536306768655777
270,0.12628617882728577,0.08131639659404755
271,0.12314258515834808,0.08288278430700302
272,0.11733732372522354,0.08255551755428314
273,0.12369395047426224,0.08143427968025208
274,0.1147899255156517,0.07978469133377075
275,0.11698013544082642,0.0800926685333252
276,0.1185281053185463,0.08037002384662628
277,0.11155273020267487,0.08304349333047867
278,0.11221630871295929,0.08688223361968994
279,0.1082146167755127,0.08283526450395584
280,0.11675690859556198,0.07917235046625137
281,0.10465344041585922,0.08016849309206009
282,0.11067211627960205,0.08015932142734528
283,0.11057793349027634,0.07906385511159897
284,0.09926705062389374,0.08200868219137192
285,0.10583364963531494,0.0809059664607048
286,0.10664450377225876,0.07778999209403992
287,0.09770972281694412,0.0834251344203949
288,0.08825375139713287,0.08481244742870331
289,0.10463859140872955,0.08060550689697266
290,0.09429901838302612,0.0773656889796257
291,0.09315293282270432,0.07794029265642166
292,0.09924894571304321,0.07934337109327316
293,0.08854906260967255,0.08114241808652878
294,0.08490201085805893,0.0757673904299736
295,0.09338310360908508,0.07985588163137436
296,0.07860394567251205,0.08105047792196274
297,0.08985760807991028,0.08309003710746765
298,0.07819421589374542,0.0812409371137619
299,0.08716941624879837,0.08036458492279053
300,0.08428215980529785,0.07754543423652649
301,0.076050765812397,0.07804597169160843
302,0.08460081368684769,0.07812536507844925
303,0.07226018607616425,0.07909189164638519
304,0.07983630150556564,0.08462809771299362
305,0.06216169148683548,0.07782754302024841
306,0.06904739886522293,0.07915380597114563
307,0.07517443597316742,0.08081182837486267
308,0.06904210895299911,0.07931972295045853
309,0.0757504478096962,0.07809103280305862
310,0.06752829998731613,0.07588415592908859
311,0.06414677202701569,0.07795031368732452
312,0.06443041563034058,0.07686479389667511
313,0.06770908832550049,0.07216444611549377
314,0.060231007635593414,0.08254507929086685
315,0.06008482351899147,0.08107437938451767
316,0.06701996922492981,0.0760926827788353
317,0.06400923430919647,0.07795581221580505
318,0.06505871564149857,0.08022947609424591
319,0.0711200013756752,0.07944468408823013
320,0.06185050308704376,0.07524991035461426
321,0.05411318689584732,0.07784058153629303
322,0.0636172890663147,0.07868663221597672
323,0.05861685797572136,0.07947272062301636
324,0.05943740904331207,0.07993845641613007
325,0.05867520719766617,0.07652559876441956
326,0.060722559690475464,0.07539217919111252
327,0.059076279401779175,0.0758022591471672
328,0.06675045937299728,0.07647216320037842
329,0.05130670219659805,0.0783492848277092
330,0.05076362565159798,0.0737348347902298
331,0.06062246114015579,0.0852610319852829
332,0.054074570536613464,0.08267715573310852
333,0.05611704662442207,0.08162128925323486
334,0.06052401289343834,0.0783037543296814
335,0.05722001567482948,0.07874312996864319
336,0.05700218304991722,0.07783131301403046
337,0.05022324249148369,0.0806330069899559
338,0.048776961863040924,0.07831504195928574
339,0.04938201978802681,0.07765606045722961
340,0.05069451406598091,0.0762501135468483
341,0.04601346701383591,0.07685162872076035
342,0.057283710688352585,0.07469384372234344
343,0.04819950461387634,0.07837259024381638
344,0.044393088668584824,0.07197156548500061
345,0.04472919553518295,0.073947012424469
346,0.05288943275809288,0.0748395025730133
347,0.04468611255288124,0.07920707017183304
348,0.04318569228053093,0.07657204568386078
349,0.050238728523254395,0.07562974840402603
350,0.04398718476295471,0.07762052863836288
351,0.0518326498568058,0.07589657604694366
352,0.05023008957505226,0.07727150619029999
353,0.04856908693909645,0.07741905003786087
354,0.042237602174282074,0.07648955285549164
355,0.04734647646546364,0.07781863212585449
356,0.04186752066016197,0.07409049570560455
357,0.045278195291757584,0.07634974271059036
358,0.04572772979736328,0.07568148523569107
359,0.04836900159716606,0.07736613601446152
360,0.04501240700483322,0.08075368404388428
361,0.049107298254966736,0.0744483545422554
362,0.0405142679810524,0.07542343437671661
363,0.03965849429368973,0.07880864292383194
364,0.05027726665139198,0.07740339636802673
365,0.046925272792577744,0.07129610329866409
366,0.047804996371269226,0.07431865483522415
367,0.04921436682343483,0.0752735435962677
368,0.044232744723558426,0.07536952197551727
369,0.043952275067567825,0.0732230693101883
370,0.04032640904188156,0.07706576585769653
371,0.04676559939980507,0.07668189704418182
372,0.04010502249002457,0.07561080157756805
373,0.03989940881729126,0.07080235332250595
374,0.04063742235302925,0.0753689780831337
375,0.038461122661828995,0.07652238011360168
376,0.043751101940870285,0.07100538909435272
377,0.05070684105157852,0.07298371940851212
378,0.045894186943769455,0.0771571695804596
379,0.040988415479660034,0.07242392003536224
380,0.045709334313869476,0.07726438343524933
381,0.038625918328762054,0.0759449452161789
382,0.04070086404681206,0.0762224793434143
383,0.046721089631319046,0.07329323142766953
384,0.03993783891201019,0.07400253415107727
385,0.04736902564764023,0.07389821857213974
386,0.04828233644366264,0.06953901052474976
387,0.04714125394821167,0.07254977524280548
388,0.04735690727829933,0.07971810549497604
389,0.04423676058650017,0.07198067009449005
390,0.03924005851149559,0.0745677724480629
391,0.042864877730607986,0.07389326393604279
392,0.04833796247839928,0.07517264783382416
393,0.05044904723763466,0.07826592028141022
394,0.03987789526581764,0.07321983575820923
395,0.038039010018110275,0.07218030840158463
396,0.047370795160532,0.07649064064025879
397,0.04297343268990517,0.07652179896831512
398,0.042347390204668045,0.07363931834697723
399,0.04373529925942421,0.07493896782398224
400,0.04432299733161926,0.07234014570713043
401,0.0430370531976223,0.08134708553552628
402,0.04280029609799385,0.07455675303936005
403,0.04726077988743782,0.0759025365114212
404,0.04375616833567619,0.07445935159921646
405,0.04057169705629349,0.07404541969299316
406,0.05028597265481949,0.0722154825925827
407,0.045816972851753235,0.07028120011091232
408,0.0439697802066803,0.0726311132311821
409,0.04495619609951973,0.07495485246181488
410,0.0424024760723114,0.07532137632369995
411,0.046183232218027115,0.07322893291711807
412,0.04830010235309601,0.07406864315271378
413,0.04813295602798462,0.06821354478597641
414,0.04470000043511391,0.0694703757762909
415,0.052452173084020615,0.07786566019058228
416,0.04468076676130295,0.07246141880750656
417,0.04545797407627106,0.07398182153701782
418,0.048372041434049606,0.07621921598911285
419,0.0454709492623806,0.07237336039543152
420,0.04840456321835518,0.07545892894268036
421,0.04183812811970711,0.07347314059734344
422,0.04409371316432953,0.07398272305727005
423,0.043087732046842575,0.07242191582918167
424,0.040319278836250305,0.07197415828704834
425,0.03937576711177826,0.0766727402806282
426,0.040372155606746674,0.07274474203586578
427,0.047017134726047516,0.07609941810369492
428,0.05094803124666214,0.07323134690523148
429,0.051726989448070526,0.07517358660697937
430,0.04627027362585068,0.07457444071769714
431,0.04766819253563881,0.07316706329584122
432,0.04529659450054169,0.07065354287624359
433,0.041876085102558136,0.07282231748104095
434,0.044778551906347275,0.07115402072668076
435,0.04986812174320221,0.07536493986845016
436,0.04497472196817398,0.07384192943572998
437,0.04748372733592987,0.0711159035563469
438,0.052313897758722305,0.07492219656705856
439,0.05630750209093094,0.0721011534333229
440,0.043856438249349594,0.0744209811091423
441,0.04875794053077698,0.07329150289297104
442,0.04088585451245308,0.07412797212600708
443,0.04559704661369324,0.07205791026353836
444,0.04691841080784798,0.06926404684782028
445,0.0462886318564415,0.07030609250068665
446,0.048792529851198196,0.0711916908621788
447,0.04580157995223999,0.06809401512145996
448,0.043542150408029556,0.07403700053691864
449,0.04978139325976372,0.07276444882154465
450,0.04714180901646614,0.07041184604167938
451,0.051910944283008575,0.07328807562589645
452,0.04283095523715019,0.07184494286775589
453,0.048826977610588074,0.07359084486961365
454,0.05253508687019348,0.06997523456811905
455,0.0524027943611145,0.07103932648897171
456,0.05393079295754433,0.07505081593990326
457,0.04354984685778618,0.06954691559076309
458,0.048611681908369064,0.07095254212617874
459,0.05218784883618355,0.07253547757863998
460,0.04698294773697853,0.07440023124217987
461,0.05096885561943054,0.07010512053966522
462,0.05181236192584038,0.07670613378286362
463,0.047819141298532486,0.07021520286798477
464,0.055807288736104965,0.06939990818500519
465,0.05261179432272911,0.07054453343153
466,0.05227042734622955,0.07136194407939911
467,0.05182445049285889,0.07260632514953613
468,0.048004958778619766,0.07232759147882462
469,0.049773700535297394,0.0707843154668808
470,0.05799270048737526,0.07373668253421783
471,0.050749462097883224,0.07169266790151596
472,0.04856276139616966,0.06946692615747452
473,0.05577346310019493,0.0708133801817894
474,0.05189733952283859,0.07538355886936188
475,0.051056452095508575,0.07422669231891632
476,0.05121305584907532,0.07481569051742554
477,0.04721677303314209,0.06887779384851456
478,0.052667416632175446,0.06968566030263901
479,0.05182570964097977,0.07054325193166733
480,0.045721136033535004,0.068571537733078
481,0.056144554167985916,0.0710388571023941
482,0.057850174605846405,0.06769626587629318
483,0.05583547055721283,0.0691036507487297
484,0.04986833781003952,0.06972342729568481
485,0.06028721481561661,0.07034913450479507
486,0.0594143271446228,0.06783352792263031
487,0.05298947915434837,0.06762402504682541
488,0.047662485390901566,0.0718994289636612
489,0.053453512489795685,0.07062660902738571
490,0.05228981003165245,0.07199157774448395
491,0.04976798593997955,0.07182511687278748
492,0.056377898901700974,0.07121473550796509
493,0.05376843363046646,0.07387170940637589
494,0.05648747459053993,0.06853891909122467
495,0.054010286927223206,0.0697249099612236
496,0.05956372991204262,0.06654192507266998
497,0.05297223851084709,0.0694148987531662
498,0.05663035064935684,0.07046382129192352
499,0.05150049552321434,0.07084299623966217
500,0.058226585388183594,0.06933324038982391
501,0.05241786688566208,0.07353341579437256
502,0.05038150027394295,0.06917978823184967
503,0.05498455837368965,0.07462473958730698
504,0.05485697463154793,0.0763247013092041
505,0.0578412227332592,0.07335503399372101
506,0.06076382100582123,0.06735129654407501
507,0.062233127653598785,0.07246169447898865
508,0.05792813375592232,0.07434237003326416
509,0.062047332525253296,0.07023153454065323
510,0.05980216711759567,0.07011411339044571
511,0.05405101180076599,0.07104770839214325
512,0.055565036833286285,0.0727597251534462
513,0.05589911714196205,0.06842760741710663
514,0.0650983452796936,0.06890863925218582
515,0.054682716727256775,0.07140239328145981
516,0.05997104197740555,0.07055312395095825
517,0.059077028185129166,0.0718274787068367
518,0.06104898452758789,0.07315458357334137
519,0.054672058671712875,0.06887003034353256
520,0.0635346993803978,0.07189474999904633
521,0.05885089561343193,0.07123464345932007
522,0.05058719217777252,0.07061467319726944
523,0.05387794226408005,0.07236988097429276
524,0.05955208092927933,0.06814947724342346
525,0.055609457194805145,0.06622619926929474
526,0.055654995143413544,0.0659153088927269
527,0.052420474588871,0.06766947358846664
528,0.059142932295799255,0.07131411880254745
529,0.06330668926239014,0.06659162789583206
530,0.05876835435628891,0.07034298032522202
531,0.04958585649728775,0.06974046677350998
532,0.06140420213341713,0.07162588834762573
533,0.05771844461560249,0.07145268470048904
534,0.05729932337999344,0.07580138742923737
535,0.05387622490525246,0.06507833302021027
536,0.05514603108167648,0.0687045305967331
537,0.06068812310695648,0.07399976253509521
538,0.0536683015525341,0.07399123162031174
539,0.06041046977043152,0.07041396200656891
540,0.059523653239011765,0.06852465122938156
541,0.049644023180007935,0.07256989926099777
542,0.06429097056388855,0.07249490916728973
543,0.06273549050092697,0.06811443716287613
544,0.06580407172441483,0.06994259357452393
545,0.0577300526201725,0.07085049152374268
546,0.051138922572135925,0.06769448518753052
547,0.058783210813999176,0.07339561730623245
548,0.06175592169165611,0.06977341324090958
549,0.06251081824302673,0.07526322454214096
550,0.06680009514093399,0.07646336406469345
551,0.06714220345020294,0.07350964844226837
552,0.056297462433576584,0.07251658290624619
553,0.0594252310693264,0.06913208961486816
554,0.058836858719587326,0.07037830352783203
555,0.06238393858075142,0.06877459585666656
556,0.056629832834005356,0.06768951565027237
557,0.07077009230852127,0.06776612997055054
558,0.062079183757305145,0.068047896027565
559,0.06600694358348846,0.0724298283457756
560,0.060871418565511703,0.06545604020357132
561,0.07270941138267517,0.06510164588689804
562,0.05764920637011528,0.06616436690092087
563,0.05502113327383995,0.07230661809444427
564,0.06557561457157135,0.06841697543859482
565,0.06411106884479523,0.0694488063454628
566,0.05504695326089859,0.07307769358158112
567,0.05442586913704872,0.07334992289543152
568,0.06431721895933151,0.06666786968708038
569,0.07269036769866943,0.06681546568870544
570,0.06149590015411377,0.07035022974014282
571,0.06225839629769325,0.06950295716524124
572,0.05706316977739334,0.06800173968076706
573,0.06328288465738297,0.070927694439888
574,0.05917991325259209,0.07715321332216263
575,0.06125536933541298,0.07008875906467438
576,0.06257110834121704,0.0714467391371727
577,0.06470645219087601,0.06928844004869461
578,0.05664762482047081,0.07194898277521133
579,0.05615844950079918,0.06582728028297424
580,0.06846900284290314,0.07502677291631699
581,0.05590101331472397,0.0670936331152916
582,0.05811648070812225,0.07037774473428726
583,0.054225802421569824,0.06921202689409256
584,0.06753484159708023,0.07167166471481323
585,0.053297653794288635,0.06999657303094864
586,0.056320879608392715,0.06744657456874847
587,0.06116233393549919,0.06968662887811661
588,0.05663155019283295,0.06990334391593933
589,0.05636586621403694,0.07288248836994171
590,0.05869932845234871,0.0629589855670929
591,0.07034293562173843,0.07418501377105713
592,0.06479668617248535,0.06724836677312851
593,0.061423033475875854,0.07451232522726059
594,0.06330419331789017,0.06828693300485611
595,0.0677533745765686,0.07130266726016998
596,0.06306953728199005,0.06960685551166534
597,0.06509698927402496,0.0679023414850235
598,0.07010116428136826,0.0711846575140953
599,0.057553429156541824,0.0710696205496788
600,0.06513001769781113,0.07277900725603104
601,0.056468281894922256,0.0726013258099556
602,0.0656837746500969,0.06878694891929626
603,0.0638677105307579,0.07495710998773575
604,0.07038934528827667,0.07055722177028656
605,0.06790141761302948,0.06970416754484177
606,0.05751339718699455,0.06587091833353043
607,0.06386102735996246,0.07086186856031418
608,0.06446916610002518,0.06921594589948654
609,0.059788741171360016,0.06750278919935226
610,0.05328039824962616,0.07170040905475616
611,0.07214578241109848,0.07418877631425858
612,0.06331638246774673,0.066217802464962
613,0.06405472010374069,0.06850017607212067
614,0.06133371219038963,0.07158828526735306
615,0.05707554146647453,0.06545597314834595
616,0.0649522989988327,0.0647193118929863
617,0.059781208634376526,0.06463247537612915
618,0.06122312694787979,0.06933502107858658
619,0.05939716845750809,0.06864269077777863
620,0.06331510841846466,0.06752628833055496
621,0.06824849545955658,0.07308925688266754
622,0.06735334545373917,0.07009591162204742
623,0.06184619665145874,0.06975153833627701
624,0.058135293424129486,0.06624753773212433
625,0.06414119154214859,0.06839492917060852
626,0.0704769417643547,0.06744279712438583
627,0.06237693130970001,0.06448715925216675
628,0.06172919273376465,0.06772676855325699
629,0.06864607334136963,0.06807754933834076
630,0.06512779742479324,0.06955665349960327
631,0.06426843255758286,0.06882139295339584
632,0.05816245451569557,0.06592505425214767
633,0.07166646420955658,0.06646578013896942
634,0.060078952461481094,0.06914933770895004
635,0.06078271567821503,0.0676041916012764
636,0.05364249274134636,0.06698794662952423
637,0.06065693125128746,0.06514770537614822
638,0.06555067747831345,0.06764625757932663
639,0.06571587175130844,0.06739940494298935
640,0.061799075454473495,0.07048174738883972
641,0.06400948762893677,0.06778930127620697
642,0.06613434851169586,0.06907270103693008
643,0.0692477896809578,0.07095302641391754
644,0.06404480338096619,0.06792010366916656
645,0.06549771130084991,0.06939921528100967
646,0.05928519368171692,0.06772996485233307
647,0.06380696594715118,0.06712238490581512
648,0.05743860453367233,0.06775215268135071
649,0.06928524374961853,0.06464807689189911
650,0.06413938105106354,0.06798824667930603
651,0.06290382146835327,0.07080181688070297
652,0.06873816251754761,0.06459271162748337
653,0.06624822318553925,0.06945959478616714
654,0.061186354607343674,0.06974955648183823
655,0.06964875012636185,0.06277110427618027
656,0.07220792770385742,0.06789909303188324
657,0.06216304749250412,0.06928712129592896
658,0.06211443990468979,0.065855011343956
659,0.07063516974449158,0.06804273277521133
660,0.06609432399272919,0.06909540295600891
661,0.06896772980690002,0.06371347606182098
662,0.06157572194933891,0.07013219594955444
663,0.06851212680339813,0.06641887873411179
664,0.07532447576522827,0.06935203820466995
665,0.06687038391828537,0.06454252451658249
666,0.07007773965597153,0.06695069372653961
667,0.07108323276042938,0.07093630731105804
668,0.06576317548751831,0.07054731994867325
669,0.05742248520255089,0.07199162244796753
670,0.06015875190496445,0.06784489750862122
671,0.056750353425741196,0.06900708377361298
672,0.06810817122459412,0.06653735786676407
673,0.07142583280801773,0.06984460353851318
674,0.06588128954172134,0.06867065280675888
675,0.06831275671720505,0.06439670920372009
676,0.07370829582214355,0.065682552754879
677,0.06574563682079315,0.06770481914281845
678,0.06061401590704918,0.06417269259691238
679,0.06962747126817703,0.06923618912696838
680,0.06657286733388901,0.0672411099076271
681,0.07113713771104813,0.05992592126131058
682,0.07249455153942108,0.06485193222761154
683,0.061988577246665955,0.06532672047615051
684,0.08145009726285934,0.07011426240205765
685,0.07144857197999954,0.0679158866405487
686,0.06039295345544815,0.06931348890066147
687,0.06279383599758148,0.06980946660041809
688,0.06594523787498474,0.06759393215179443
689,0.05716640129685402,0.06457380950450897
690,0.06646259129047394,0.062381766736507416
691,0.06911813467741013,0.06447179615497589
692,0.06358776986598969,0.06852864474058151
693,0.06579528003931046,0.07301921397447586
694,0.05871015042066574,0.06898671388626099
695,0.06648360937833786,0.06774244457483292
696,0.07067640870809555,0.06647976487874985
697,0.05795171856880188,0.06405679881572723
698,0.07286310195922852,0.06456372886896133
699,0.0677446722984314,0.06836403161287308
700,0.07125215977430344,0.06428685039281845
701,0.07334974408149719,0.0688217282295227
702,0.06318970769643784,0.06530825048685074
703,0.06996871531009674,0.07153842598199844
704,0.06588690727949142,0.06723262369632721
705,0.06382688879966736,0.06784524768590927
706,0.0641075000166893,0.06498555094003677
707,0.06709044426679611,0.0691877156496048
708,0.06636065244674683,0.06517931073904037
709,0.06825459748506546,0.0680491179227829
710,0.06479915231466293,0.07060157507658005
711,0.06415282189846039,0.06565854698419571
712,0.07612662762403488,0.06740940362215042
713,0.06641186028718948,0.06838076561689377
714,0.06366831809282303,0.07019136846065521
715,0.05918968841433525,0.06472134590148926
716,0.06907106190919876,0.06431062519550323
717,0.07081667333841324,0.06540139764547348
718,0.07379616051912308,0.07106301188468933
719,0.06799925863742828,0.06798914819955826
720,0.06731516867876053,0.07193204760551453
721,0.07166139036417007,0.07015248388051987
722,0.07213068753480911,0.06682492047548294
723,0.07233503460884094,0.06609317660331726
724,0.06042405590415001,0.06837357580661774
725,0.059487368911504745,0.06784442812204361
726,0.07132694870233536,0.06778483837842941
727,0.06729216873645782,0.06749580055475235
728,0.07117149233818054,0.06827531009912491
729,0.058563388884067535,0.0661376416683197
730,0.06531362235546112,0.0685870498418808
731,0.06724225729703903,0.06875236332416534
732,0.06222280114889145,0.06527295708656311
733,0.07300979644060135,0.06783881038427353
734,0.07024192065000534,0.06705367565155029
735,0.07411259412765503,0.06892646104097366
736,0.06591914594173431,0.0705670490860939
737,0.07080664485692978,0.07030840218067169
738,0.0669117346405983,0.06654544919729233
739,0.0687258243560791,0.06499774008989334
740,0.05867151916027069,0.06984128057956696
741,0.0746355950832367,0.0673818290233612
742,0.06403151899576187,0.0676291286945343
743,0.06782212108373642,0.06584016233682632
744,0.06624219566583633,0.06298108398914337
745,0.06306988000869751,0.06678672134876251
746,0.06930241733789444,0.06385938823223114
747,0.07157500833272934,0.06927896291017532
748,0.06823336333036423,0.06861873716115952
749,0.07546231895685196,0.06454460322856903
750,0.071872279047966,0.06660353392362595
751,0.0657501220703125,0.06690207868814468
752,0.0676877498626709,0.07301399856805801
753,0.06153213977813721,0.06880874931812286
754,0.06775203347206116,0.06429892033338547
755,0.07628118991851807,0.06582557410001755
756,0.07589972764253616,0.06563246250152588
757,0.07448629289865494,0.062113359570503235
758,0.06710147112607956,0.06492242217063904
759,0.06789293140172958,0.06788293272256851
760,0.0747382715344429,0.06933242082595825
761,0.0647738054394722,0.06723328679800034
762,0.07014665752649307,0.06850924342870712
763,0.07230290025472641,0.06646634638309479
764,0.06838788837194443,0.0664767250418663
765,0.06466355919837952,0.06788329780101776
766,0.07043909281492233,0.07019680738449097
767,0.06565538048744202,0.06973350793123245
768,0.06476902216672897,0.06422054767608643
769,0.07233620434999466,0.06690873950719833
770,0.0718294084072113,0.06252779811620712
771,0.0584738552570343,0.06995666772127151
772,0.07257217168807983,0.06735052168369293
773,0.07251174002885818,0.06624025851488113
774,0.0665554329752922,0.06716463714838028
775,0.0788021981716156,0.06625883281230927
776,0.0674525648355484,0.06841038912534714
777,0.0664464458823204,0.06886301189661026
778,0.06932441890239716,0.06576475501060486
779,0.07646162062883377,0.06710559129714966
780,0.0690775141119957,0.06282863765954971
781,0.06508910655975342,0.06755723059177399
782,0.06580578535795212,0.06563190370798111
783,0.07646381855010986,0.06565820425748825
784,0.06819792836904526,0.06465454399585724
785,0.06537184864282608,0.06661753356456757
786,0.06689320504665375,0.07143259793519974
787,0.07850392162799835,0.06750782579183578
788,0.07550350576639175,0.06628942489624023
789,0.0671413317322731,0.06637690216302872
790,0.07949352264404297,0.06555112451314926
791,0.07419155538082123,0.06407376378774643
792,0.0674324557185173,0.0688706487417221
793,0.06958318501710892,0.06678299605846405
794,0.0704071968793869,0.0671643391251564
795,0.06978452205657959,0.06963613629341125
796,0.06468049436807632,0.06413901597261429
797,0.07030253857374191,0.06563097983598709
798,0.06770876049995422,0.06465843319892883
799,0.07017919421195984,0.06564091145992279
800,0.06626543402671814,0.06501047313213348
801,0.06969260424375534,0.06633450090885162
802,0.07431995123624802,0.06332804262638092
803,0.0762052908539772,0.06510800868272781
804,0.06293784081935883,0.0634123682975769
805,0.0695253536105156,0.06738444417715073
806,0.07212907820940018,0.06783479452133179
807,0.07616090774536133,0.06656645983457565
808,0.06601820141077042,0.06376951932907104
809,0.0712871327996254,0.06671330332756042
810,0.070088692009449,0.062031716108322144
811,0.06695621460676193,0.06753700226545334
812,0.06658107787370682,0.06856352835893631
813,0.06993069499731064,0.06968133896589279
814,0.07324568927288055,0.06638100743293762
815,0.06713305413722992,0.06784695386886597
816,0.06947649270296097,0.062232714146375656
817,0.06872820109128952,0.06570430099964142
818,0.06841592490673065,0.06630558520555496
819,0.07411747425794601,0.06505537033081055
820,0.06756781041622162,0.06992732733488083
821,0.06921477615833282,0.06597461551427841
822,0.0752008855342865,0.06593891978263855
823,0.07113932073116302,0.06044692173600197
824,0.07400780916213989,0.06360124796628952
825,0.06488986313343048,0.0658404529094696
826,0.06873539835214615,0.06743348389863968
827,0.061404038220644,0.06704942882061005
828,0.07683855295181274,0.06723332405090332
829,0.07563942670822144,0.06425048410892487
830,0.06834308803081512,0.06202174723148346
831,0.07000181078910828,0.07016676664352417
832,0.06853842735290527,0.06948363780975342
833,0.06708736717700958,0.06484074890613556
834,0.07163278758525848,0.0684274360537529
835,0.07284145057201385,0.06514798104763031
836,0.06929174810647964,0.0613151453435421
837,0.06501495838165283,0.06855364143848419
838,0.0842827782034874,0.06349725276231766
839,0.06750844419002533,0.06606359779834747
840,0.08187735825777054,0.0661516934633255
841,0.0841216966509819,0.06710432469844818
842,0.0709051564335823,0.06474704295396805
843,0.07171615213155746,0.06420393288135529
844,0.07201813906431198,0.06889370083808899
845,0.07400498539209366,0.06878671050071716
846,0.06969673931598663,0.06650339066982269
847,0.072627492249012,0.06616199016571045
848,0.06185949593782425,0.0671820268034935
849,0.07375068217515945,0.06234445422887802
850,0.06988953799009323,0.07033704966306686
851,0.06749119609594345,0.06882468611001968
852,0.06787210702896118,0.06646236777305603
853,0.062039922922849655,0.06650730967521667
854,0.06381487101316452,0.06753234565258026
855,0.06273259222507477,0.062966488301754
856,0.0666586309671402,0.06886620819568634
857,0.06881505250930786,0.06539034843444824
858,0.06646079570055008,0.06609097868204117
859,0.06403577327728271,0.06382893770933151
860,0.06383192539215088,0.06422057747840881
861,0.0616338774561882,0.06804009526968002
862,0.07860806584358215,0.06116020679473877
863,0.07170696556568146,0.06687860935926437
864,0.0704822838306427,0.06376851350069046
865,0.06628701090812683,0.07187844067811966
866,0.07234763354063034,0.06506799906492233
867,0.07333000749349594,0.06719814240932465
868,0.07264785468578339,0.06707882881164551
869,0.07472105324268341,0.06425043940544128
870,0.0679057165980339,0.06259498745203018
871,0.06035679951310158,0.0693560242652893
872,0.07391355186700821,0.06904792040586472
873,0.0709000751376152,0.06446991860866547
874,0.06276135891675949,0.06459616869688034
875,0.07685724645853043,0.0646427720785141
876,0.06263693422079086,0.06697222590446472
877,0.07668501138687134,0.06993124634027481
878,0.07612518966197968,0.0653863325715065
879,0.07016924023628235,0.06715060770511627
880,0.07232210785150528,0.06711311638355255
881,0.068145751953125,0.06818432360887527
882,0.07180587202310562,0.06551787257194519
883,0.07249145209789276,0.0656551644206047
884,0.06902037560939789,0.06554409861564636
885,0.07334218174219131,0.06820250302553177
886,0.06933030486106873,0.06576685607433319
887,0.07327327877283096,0.07141748070716858
888,0.0689796730875969,0.06643758714199066
889,0.0690433606505394,0.06752877682447433
890,0.07256782054901123,0.06416384130716324
891,0.07402899861335754,0.06444966048002243
892,0.07238844782114029,0.07172268629074097
893,0.06614398956298828,0.06291341781616211
894,0.06693996489048004,0.06527560204267502
895,0.067008376121521,0.06597042828798294
896,0.06709500402212143,0.0669255256652832
897,0.05988839268684387,0.06595727801322937
898,0.077313631772995,0.0684635266661644
899,0.06525281816720963,0.06527584046125412
900,0.07555926591157913,0.0662420243024826
901,0.06342806667089462,0.06402961909770966
902,0.07063868641853333,0.06605606526136398
903,0.06491993367671967,0.06681759655475616
904,0.08022894710302353,0.06736424565315247
905,0.05940256640315056,0.0626276358962059
906,0.061296723783016205,0.06292939186096191
907,0.07182486355304718,0.062339045107364655
908,0.058539461344480515,0.06499826908111572
909,0.06326355785131454,0.06643100827932358
910,0.06722664088010788,0.06959043443202972
911,0.07062593847513199,0.06574267894029617
912,0.07436687499284744,0.06458331644535065
913,0.0739547535777092,0.06547369062900543
914,0.06343531608581543,0.06444510817527771
915,0.06903602182865143,0.06645993888378143
916,0.06879211217164993,0.06596054136753082
917,0.06640179455280304,0.06447495520114899
918,0.06712296605110168,0.06534809619188309
919,0.07144632935523987,0.06606879085302353
920,0.07725608348846436,0.06873183697462082
921,0.07282519340515137,0.06750079244375229
922,0.06613948196172714,0.0647149309515953
923,0.07298178970813751,0.06408320367336273
924,0.07417071610689163,0.06927253305912018
925,0.07963353395462036,0.06843201816082001
926,0.07487481832504272,0.06875830888748169
927,0.08173597604036331,0.0675589069724083
928,0.06598231196403503,0.06700449436903
929,0.06057336926460266,0.06344455480575562
930,0.06378956139087677,0.06828974187374115
931,0.062465932220220566,0.06595352292060852
932,0.07365474104881287,0.06345153599977493
933,0.07300090789794922,0.06495015323162079
934,0.07230310142040253,0.06456737220287323
935,0.07126645743846893,0.06029674783349037
936,0.07313616573810577,0.06341225653886795
937,0.06764920800924301,0.06918554753065109
938,0.07410750538110733,0.0631597638130188
939,0.06619109958410263,0.06542902439832687
940,0.06417961418628693,0.06722059845924377
941,0.07505206763744354,0.06582116335630417
942,0.07490207254886627,0.06901707500219345
943,0.06870665401220322,0.0651189386844635
944,0.06920714676380157,0.06681293994188309
945,0.06754594296216965,0.0655253455042839
946,0.06536273658275604,0.06436347961425781
947,0.07595542073249817,0.0649067759513855
948,0.07041939347982407,0.06475865095853806
949,0.06761794537305832,0.06759568303823471
950,0.05910862237215042,0.06816127896308899
951,0.06950011849403381,0.06533228605985641
952,0.06363094598054886,0.06691909581422806
953,0.0758783295750618,0.06977641582489014
954,0.0704265758395195,0.06798359006643295
955,0.06315186619758606,0.06868577748537064
956,0.06030965596437454,0.06518038362264633
957,0.07471109181642532,0.06378008425235748
958,0.06311353296041489,0.06671607494354248
959,0.07350288331508636,0.06585748493671417
960,0.07610344141721725,0.06434646248817444
961,0.07195763289928436,0.06804396212100983
962,0.07715871185064316,0.06473754346370697
963,0.06980111449956894,0.06616140902042389
964,0.05910080298781395,0.06486541032791138
965,0.07130677253007889,0.06515521556138992
966,0.06810875982046127,0.06925034523010254
967,0.057472873479127884,0.06639989465475082
968,0.06931690871715546,0.06668992340564728
969,0.07714313268661499,0.07150436192750931
970,0.06788472831249237,0.06376883387565613
971,0.06168513372540474,0.0645052045583725
972,0.06674786657094955,0.06920501589775085
973,0.07923906296491623,0.0674598440527916
974,0.07232946157455444,0.06535732746124268
975,0.06164161115884781,0.06818393617868423
976,0.06991380453109741,0.06968884915113449
977,0.0661851242184639,0.06798285245895386
978,0.07709376513957977,0.06550662219524384
979,0.06619749963283539,0.06498312205076218
980,0.06132581830024719,0.06580407917499542
981,0.06127670034766197,0.06567685306072235
982,0.061582181602716446,0.06077464297413826
983,0.06637206673622131,0.06750975549221039
984,0.059074029326438904,0.06973996758460999
985,0.0691860169172287,0.06657590717077255
986,0.07199598103761673,0.06950999051332474
987,0.06309660524129868,0.06290034204721451
988,0.07700084149837494,0.06803574413061142
989,0.06217925250530243,0.06637586653232574
990,0.0649561733007431,0.06492555886507034
991,0.061808496713638306,0.06383363902568817
992,0.0688873752951622,0.06756152212619781
993,0.06933479011058807,0.06662812829017639
994,0.07507622241973877,0.06563650071620941
995,0.0670301616191864,0.06616951525211334
996,0.06812173128128052,0.06619502604007721
997,0.05891265347599983,0.06574112921953201
998,0.0632891058921814,0.06677211821079254
999,0.06995091587305069,0.06789003312587738
1000,0.06315895169973373,0.06903038173913956
1001,0.06424766778945923,0.06515303254127502
1002,0.06622149050235748,0.06459712982177734
1003,0.07435692101716995,0.06960833817720413
1004,0.06880224496126175,0.0669420063495636
1005,0.07054471969604492,0.06445441395044327
1006,0.06669550389051437,0.06374860554933548
1007,0.05780864879488945,0.0640890970826149
1008,0.06477825343608856,0.06849940866231918
1009,0.07615707069635391,0.06506368517875671
1010,0.06472194194793701,0.06651238352060318
1011,0.07263530045747757,0.06956060975790024
1012,0.06845694035291672,0.06764005124568939
1013,0.06545865535736084,0.06460438668727875
1014,0.06384094059467316,0.06469308584928513
1015,0.06885342299938202,0.06505774706602097
1016,0.07261644303798676,0.06408815085887909
1017,0.06914152950048447,0.06703905761241913
1018,0.07606677711009979,0.07282866537570953
1019,0.07023659348487854,0.06633453071117401
1020,0.07050356268882751,0.06789251416921616
1021,0.07760109007358551,0.0678025484085083
1022,0.0638149082660675,0.06423669308423996
1023,0.06700689345598221,0.06918666511774063
1024,0.06750234961509705,0.0668250322341919
1025,0.06302104890346527,0.0640052780508995
1026,0.06406690925359726,0.06614013761281967
1027,0.06834044307470322,0.0623900406062603
1028,0.0715259537100792,0.06425103545188904
1029,0.0744377076625824,0.06707776337862015
1030,0.06431380659341812,0.06782738864421844
1031,0.06915370374917984,0.06650802493095398
1032,0.07877948880195618,0.06528127938508987
1033,0.0675092339515686,0.0675944909453392
1034,0.07271101325750351,0.06548995524644852
1035,0.06317050009965897,0.06920614093542099
1036,0.0708097293972969,0.06900501996278763
1037,0.05958418920636177,0.06146390363574028
1038,0.07177869230508804,0.07185465842485428
1039,0.07846925407648087,0.0658191442489624
1040,0.06787413358688354,0.067832350730896
1041,0.06080569326877594,0.06458103656768799
1042,0.06563404947519302,0.06563073396682739
1043,0.06348177790641785,0.06571248173713684
1044,0.07792841643095016,0.061891503632068634
1045,0.06594423204660416,0.06530618667602539
1046,0.07510621100664139,0.06764516979455948
1047,0.06785200536251068,0.07071354985237122
1048,0.07200656831264496,0.0671093612909317
1049,0.07216297835111618,0.07091017067432404
1050,0.06788737326860428,0.06587471812963486
1051,0.06721948832273483,0.06783958524465561
1052,0.06358683109283447,0.06999953091144562
1053,0.06315936893224716,0.06548438966274261
1054,0.07066462934017181,0.06584575027227402
1055,0.07233373820781708,0.06620831787586212
1056,0.0787639319896698,0.06792525947093964
1057,0.07782845199108124,0.06302282214164734
1058,0.06939981132745743,0.06953097134828568
1059,0.07473574578762054,0.06550686061382294
1060,0.05428769811987877,0.06566518545150757
1061,0.06011831387877464,0.06433066725730896
1062,0.07579510658979416,0.06885786354541779
1063,0.07314419001340866,0.06346537917852402
1064,0.0745868980884552,0.06296082586050034
1065,0.0652652159333229,0.06316408514976501
1066,0.07018042355775833,0.06695030629634857
1067,0.07634791731834412,0.0644417479634285
1068,0.06729281693696976,0.06398078054189682
1069,0.07032817602157593,0.06315676867961884
1070,0.06826049089431763,0.06799138337373734
1071,0.0746811106801033,0.06972035765647888
1072,0.07905171066522598,0.06757576763629913
1073,0.06486273556947708,0.06377830356359482
1074,0.07695095241069794,0.06784892082214355
1075,0.06352852284908295,0.06860510259866714
1076,0.07110728323459625,0.062061943113803864
1077,0.06942287087440491,0.06511662900447845
1078,0.07075125724077225,0.0641019269824028
1079,0.06458303332328796,0.0696713998913765
1080,0.061526987701654434,0.0652533695101738
1081,0.07123309373855591,0.061105504631996155
1082,0.06411445885896683,0.06720507144927979
1083,0.07118850946426392,0.06624836474657059
1084,0.06439647823572159,0.0666743740439415
1085,0.08339231461286545,0.06625073403120041
1086,0.07129164785146713,0.06675562262535095
1087,0.06007087230682373,0.06593701988458633
1088,0.0693698450922966,0.06611742079257965
1089,0.06685879081487656,0.06517602503299713
1090,0.07294906675815582,0.06721685826778412
1091,0.06465804576873779,0.06744689494371414
1092,0.06597361713647842,0.06741683930158615
1093,0.07093921303749084,0.0671369805932045
1094,0.07182072848081589,0.06419687718153
1095,0.07172948867082596,0.0666627511382103
1096,0.07588215172290802,0.06640538573265076
1097,0.06535939127206802,0.06478909403085709
1098,0.07373767346143723,0.06444570422172546
1099,0.06356492638587952,0.06733305752277374
1100,0.06425976008176804,0.06572812050580978
1101,0.06697128713130951,0.06593587249517441
1102,0.07540753483772278,0.06714849919080734
1103,0.07209238409996033,0.06369081139564514
1104,0.06383664160966873,0.06787728518247604
1105,0.06532567739486694,0.061872195452451706
1106,0.0734032690525055,0.0681413933634758
1107,0.07474084943532944,0.06508982926607132
1108,0.0687742754817009,0.06425943225622177
1109,0.07614224404096603,0.06920009851455688
1110,0.0741160437464714,0.06692826002836227
1111,0.07211349904537201,0.062168821692466736
1112,0.0704677626490593,0.06919614970684052
1113,0.06183778867125511,0.06773501634597778
1114,0.06887426227331161,0.06522544473409653
1115,0.07208766043186188,0.06823422759771347
1116,0.06565378606319427,0.06296959519386292
1117,0.076929971575737,0.06774330139160156
1118,0.07454659044742584,0.06873752921819687
1119,0.0651853084564209,0.06629911065101624
1120,0.06566330045461655,0.06694495677947998
1121,0.06446336954832077,0.06834537535905838
1122,0.07070685923099518,0.06738229095935822
1123,0.07062185555696487,0.0693533644080162
1124,0.06467384099960327,0.06788402795791626
1125,0.07429437339305878,0.06958205997943878
1126,0.06427882611751556,0.06674160808324814
1127,0.053762320429086685,0.06470005214214325
1128,0.07844661921262741,0.06770980358123779
1129,0.0705810934305191,0.06606908142566681
1130,0.07936806976795197,0.06625483930110931
1131,0.07102616131305695,0.06887657940387726
1132,0.06561575084924698,0.0691603496670723
1133,0.07115428894758224,0.06342686712741852
1134,0.06859802454710007,0.065190389752388
1135,0.0757686123251915,0.06524153053760529
1136,0.07615789026021957,0.06745625287294388
1137,0.06325507164001465,0.0667494386434555
1138,0.07486841827630997,0.06656045466661453
1139,0.07286010682582855,0.06687361001968384
1140,0.06374766677618027,0.06726644933223724
1141,0.06591195613145828,0.06582003086805344
1142,0.07535022497177124,0.06419321149587631
1143,0.06884592771530151,0.06812085956335068
1144,0.07504579424858093,0.0671258196234703
1145,0.05821598321199417,0.06599391996860504
1146,0.07329244166612625,0.06826131790876389
1147,0.06441499292850494,0.0635172501206398
1148,0.06879951059818268,0.06680070608854294
1149,0.06960795074701309,0.06768158078193665
1150,0.07727213203907013,0.06812041252851486
1151,0.06977482885122299,0.06918326765298843
1152,0.06793487071990967,0.06676104664802551
1153,0.06486637145280838,0.06637714058160782
1154,0.07199813425540924,0.06257598102092743
1155,0.06657853722572327,0.06820152699947357
1156,0.06698835641145706,0.06412768363952637
1157,0.06880415230989456,0.0680742934346199
1158,0.07198626548051834,0.06680626422166824
1159,0.07156030088663101,0.06670039147138596
1160,0.0759022906422615,0.0645233541727066
1161,0.07559047639369965,0.06276705116033554
1162,0.07003915309906006,0.06367714703083038
1163,0.07595986872911453,0.06704056262969971
1164,0.07963959872722626,0.06414154171943665
1165,0.07034875452518463,0.06303942203521729
1166,0.07259067893028259,0.06765694171190262
1167,0.06472288072109222,0.06663156300783157
1168,0.06160977482795715,0.06404377520084381
1169,0.06620495021343231,0.0672042965888977
1170,0.0638229101896286,0.06587767601013184
1171,0.06919018179178238,0.0634046420454979
1172,0.07618224620819092,0.06591358780860901
1173,0.06666260212659836,0.06195063889026642
1174,0.06092258170247078,0.06583578139543533
1175,0.07381922006607056,0.06732037663459778
1176,0.08107524365186691,0.07047208398580551
1177,0.07127973437309265,0.0657104030251503
1178,0.07488295435905457,0.06913911551237106
1179,0.06572958827018738,0.06500060111284256
1180,0.0685468316078186,0.06807365268468857
1181,0.07275094836950302,0.0691564604640007
1182,0.07257963716983795,0.06395536661148071
1183,0.07359258085489273,0.06967659294605255
1184,0.07086247205734253,0.06580178439617157
1185,0.0653044804930687,0.06638821959495544
1186,0.06867485493421555,0.06880687177181244
1187,0.0670902207493782,0.06722593307495117
1188,0.07985380291938782,0.06829217076301575
1189,0.07087992131710052,0.06533238291740417
1190,0.06959380954504013,0.06744319945573807
1191,0.07008721679449081,0.06688500195741653
1192,0.06578332185745239,0.06905089318752289
1193,0.06838032603263855,0.06725797802209854
1194,0.07220109552145004,0.064781554043293
1195,0.07590575516223907,0.06627333909273148
1196,0.06693436205387115,0.06260152906179428
1197,0.06503558158874512,0.06876357644796371
1198,0.06735369563102722,0.06641089171171188
1199,0.0667877271771431,0.06147800758481026
1200,0.06549069285392761,0.06539440155029297
1201,0.0727573037147522,0.07186153531074524
1202,0.0687098279595375,0.0691155269742012
1203,0.0716230496764183,0.06628420948982239
1204,0.07054242491722107,0.06319791823625565
1205,0.06646917015314102,0.06855080276727676
1206,0.06753116101026535,0.06816317141056061
1207,0.061683278530836105,0.06601152569055557
1208,0.07129187136888504,0.06751196831464767
1209,0.07655476033687592,0.06479401886463165
1210,0.07925402373075485,0.0643276572227478
1211,0.06866833567619324,0.06906186789274216
1212,0.07062903046607971,0.06505775451660156
1213,0.07043806463479996,0.06475698202848434
1214,0.06212630867958069,0.06734395772218704
1215,0.07307902723550797,0.06925772875547409
1216,0.07361560314893723,0.06502065062522888
1217,0.06873896718025208,0.06489298492670059
1218,0.06515282392501831,0.0663507729768753
1219,0.06951313465833664,0.06478251516819
1220,0.06620733439922333,0.06902536004781723
1221,0.06847522407770157,0.06307895481586456
1222,0.06551678478717804,0.06386526674032211
1223,0.07172032445669174,0.06520747393369675
1224,0.07900523394346237,0.06676571071147919
1225,0.07230518013238907,0.0698343962430954
1226,0.06480657309293747,0.0627160593867302
1227,0.0714602917432785,0.06473353505134583
1228,0.061093397438526154,0.06496520340442657
1229,0.07304222136735916,0.060993533581495285
1230,0.07182002812623978,0.06571092456579208
1231,0.07172216475009918,0.06754007935523987
1232,0.06428687274456024,0.06378358602523804
1233,0.06494594365358353,0.06774350255727768
1234,0.06292000412940979,0.06846876442432404
1235,0.06444365531206131,0.0673476979136467
1236,0.07292705029249191,0.06794171035289764
1237,0.07224678993225098,0.06645307689905167
1238,0.07304726541042328,0.06896770745515823
1239,0.06907673180103302,0.06062439829111099
1240,0.0687786266207695,0.06806523352861404
1241,0.07415617257356644,0.06502826511859894
1242,0.0762743428349495,0.06770595908164978
1243,0.0699462816119194,0.06566029042005539
1244,0.06831967085599899,0.06122215464711189
1245,0.05820711329579353,0.06607387214899063
1246,0.07490084320306778,0.06358036398887634
1247,0.060550302267074585,0.06752312183380127
1248,0.06984782218933105,0.06489130109548569
1249,0.0744023323059082,0.06325506418943405
1250,0.06160267814993858,0.06641855090856552
1251,0.07018543034791946,0.06291132420301437
1252,0.06307058036327362,0.06526237726211548
1253,0.0731339305639267,0.06672738492488861
1254,0.06903186440467834,0.0631045326590538
1255,0.07331822067499161,0.06400910764932632
1256,0.0725122019648552,0.06520799547433853
1257,0.05945169925689697,0.06234079226851463
1258,0.06329959630966187,0.0691973939538002
1259,0.07453537732362747,0.06678691506385803
1260,0.07280537486076355,0.06385616958141327
1261,0.06998378038406372,0.06525131314992905
1262,0.060882747173309326,0.06715701520442963
1263,0.07099830359220505,0.06890814751386642
1264,0.07125179469585419,0.06165553629398346
1265,0.07238641381263733,0.06818123906850815
1266,0.0683741569519043,0.06614994257688522
1267,0.07200389355421066,0.06380171328783035
1268,0.06685709208250046,0.06901759654283524
1269,0.06401841342449188,0.06706612557172775
1270,0.07985531538724899,0.06383774429559708
1271,0.07299448549747467,0.06291952729225159
1272,0.06858053058385849,0.0652632862329483
1273,0.07658962160348892,0.06157992407679558
1274,0.06812010705471039,0.06656663864850998
1275,0.07333533465862274,0.06570036709308624
1276,0.06085867062211037,0.06508413702249527
1277,0.06378515809774399,0.06842164695262909
1278,0.06659931689500809,0.06775829195976257
1279,0.06935203820466995,0.06746417284011841
1280,0.07061184197664261,0.06612619757652283
1281,0.07559019327163696,0.06707677990198135
1282,0.06814051419496536,0.06727536022663116
1283,0.07010309398174286,0.06546436995267868
1284,0.06652934849262238,0.06595359742641449
1285,0.06984639167785645,0.06283669918775558
1286,0.06912869960069656,0.06765716522932053
1287,0.06910044699907303,0.0656692162156105
1288,0.06971752643585205,0.06932664662599564
1289,0.06958221644163132,0.065833680331707
1290,0.06611309945583344,0.06708682328462601
1291,0.07030026614665985,0.06752298027276993
1292,0.08030757308006287,0.06932991743087769
1293,0.06787078082561493,0.06469827890396118
1294,0.07038833200931549,0.0681663453578949
1295,0.07286523282527924,0.06737431138753891
1296,0.07797768712043762,0.06808002293109894
1297,0.07264702767133713,0.06522957980632782
1298,0.07887022197246552,0.06598153710365295
1299,0.06361087411642075,0.06168963387608528
1300,0.06341884285211563,0.06445860117673874
1301,0.07185212522745132,0.06195364147424698
1302,0.06514915078878403,0.06517903506755829
1303,0.061115510761737823,0.06879895180463791
1304,0.07472679018974304,0.06506309658288956
1305,0.07099667936563492,0.06386995315551758
1306,0.05960547924041748,0.06902024894952774
1307,0.06930562853813171,0.06403618305921555
1308,0.06984852254390717,0.06705176830291748
1309,0.06792883574962616,0.06601588428020477
1310,0.07654960453510284,0.06606436520814896
1311,0.07266619801521301,0.06938706338405609
1312,0.06756356358528137,0.06704162806272507
1313,0.06781348586082458,0.06529682874679565
1314,0.06371010839939117,0.06791187822818756
1315,0.06586884707212448,0.0667964294552803
1316,0.060733355581760406,0.06594888865947723
1317,0.06489297747612,0.06720594316720963
1318,0.068024642765522,0.06412531435489655
1319,0.07417704164981842,0.06794048100709915
1320,0.06697458773851395,0.06415166705846786
1321,0.07417468726634979,0.06834016740322113
1322,0.07540494948625565,0.06341425329446793
1323,0.06725837290287018,0.06638748943805695
1324,0.06671730428934097,0.06699348986148834
1325,0.07409800589084625,0.06897476315498352
1326,0.07180000841617584,0.06662305444478989
1327,0.06444595754146576,0.06284981966018677
1328,0.07055352628231049,0.06383851170539856
1329,0.07402613759040833,0.06580562144517899
1330,0.06954604387283325,0.06815004348754883
1331,0.06934118270874023,0.06516319513320923
1332,0.07046594470739365,0.06539632380008698
1333,0.06576334685087204,0.06328807771205902
1334,0.07510694116353989,0.06918909400701523
1335,0.06894151121377945,0.07003147900104523
1336,0.07202285528182983,0.07030273973941803
1337,0.0738988146185875,0.06490742415189743
1338,0.07597323507070541,0.0643736869096756
1339,0.07075165957212448,0.06580544263124466
1340,0.07962537556886673,0.06232639029622078
1341,0.07028532028198242,0.06602244824171066
1342,0.0645722821354866,0.06691408157348633
1343,0.061452582478523254,0.0650821253657341
1344,0.07064947485923767,0.06587252765893936
1345,0.06888625770807266,0.06320472061634064
1346,0.06796791404485703,0.06890546530485153
1347,0.07363228499889374,0.06857869774103165
1348,0.07504963129758835,0.06410585343837738
1349,0.0706929862499237,0.06751824915409088
1350,0.07422344386577606,0.06619544327259064
1351,0.078834168612957,0.06768824905157089
1352,0.06890134513378143,0.06927080452442169
1353,0.07191313803195953,0.06655675172805786
1354,0.06877848505973816,0.06698550283908844
1355,0.06996804475784302,0.060900427401065826
1356,0.07012912631034851,0.06622223556041718
1357,0.07592596113681793,0.064935602247715
1358,0.07067163288593292,0.06634894013404846
1359,0.08796785026788712,0.07005483657121658
1360,0.07529322057962418,0.06399944424629211
1361,0.06365448981523514,0.06365898251533508
1362,0.07432883977890015,0.06717654317617416
1363,0.07773376256227493,0.06925816833972931
1364,0.07155580818653107,0.06452888995409012
1365,0.06035170331597328,0.06196587532758713
1366,0.06886031478643417,0.07062024623155594
1367,0.07428599148988724,0.06764407455921173
1368,0.07044704258441925,0.06661708652973175
1369,0.06596531718969345,0.06472901999950409
1370,0.07303014397621155,0.06903558224439621
1371,0.06264480203390121,0.06668537855148315
1372,0.07017030566930771,0.06481976807117462
1373,0.07272486388683319,0.06880044937133789
1374,0.07315906882286072,0.06581320613622665
1375,0.0627112165093422,0.06919509172439575
1376,0.07563365995883942,0.0670519471168518
1377,0.07184895128011703,0.06571635603904724
1378,0.07088928669691086,0.07075054943561554
1379,0.06722685694694519,0.06304440647363663
1380,0.06790753453969955,0.06933731585741043
1381,0.0724199190735817,0.066709004342556
1382,0.07395600527524948,0.0648726299405098
1383,0.0657665804028511,0.0654943585395813
1384,0.07020051777362823,0.0643182247877121
1385,0.0673116147518158,0.07145843654870987
1386,0.07790400832891464,0.06323089450597763
1387,0.07008045166730881,0.06997084617614746
1388,0.06008706986904144,0.0683835819363594
1389,0.06936082988977432,0.06761452555656433
1390,0.06967324018478394,0.06446488201618195
1391,0.06276176869869232,0.06730004400014877
1392,0.07198092341423035,0.06516371667385101
1393,0.07289088517427444,0.07022292166948318
1394,0.07049642503261566,0.0677855908870697
1395,0.0705949142575264,0.06597267836332321
1396,0.0695648267865181,0.0673438310623169
1397,0.06999565660953522,0.06520266085863113
1398,0.06548255681991577,0.06461800634860992
1399,0.06775891780853271,0.06289371848106384
1400,0.07673369348049164,0.06698641180992126
1401,0.0713750571012497,0.06731536239385605
1402,0.07403010874986649,0.062014952301979065
1403,0.07007993757724762,0.06456953287124634
1404,0.07347588986158371,0.06454303115606308
1405,0.06997345387935638,0.06753223389387131
1406,0.07045966386795044,0.06933942437171936
1407,0.06934269517660141,0.06600398570299149
1408,0.07770831882953644,0.06720127910375595
1409,0.07045281678438187,0.06864587962627411
1410,0.06590863317251205,0.06697387993335724
1411,0.0656328946352005,0.06468673050403595
1412,0.07590034604072571,0.06166757643222809
1413,0.07008269429206848,0.06974992156028748
1414,0.07376009225845337,0.06551986932754517
1415,0.06625492125749588,0.06426171213388443
1416,0.06501758098602295,0.06834053248167038
1417,0.07686549425125122,0.06435548514127731
1418,0.06427351385354996,0.06220721825957298
1419,0.07315235584974289,0.06603220105171204
1420,0.06626179814338684,0.06564515829086304
1421,0.06252527981996536,0.06623472273349762
1422,0.07252895087003708,0.06771757453680038
1423,0.059548474848270416,0.06353665143251419
1424,0.06937863677740097,0.06707809865474701
1425,0.06394059211015701,0.06669119000434875
1426,0.06841553747653961,0.06362877786159515
1427,0.07132376730442047,0.06895000487565994
1428,0.07287091761827469,0.06791698187589645
1429,0.06642140448093414,0.06432164460420609
1430,0.06425938010215759,0.06940533220767975
1431,0.07635626196861267,0.06863608956336975
1432,0.07193823158740997,0.06879091262817383
1433,0.07292444258928299,0.06706344336271286
1434,0.05824422091245651,0.06655994802713394
1435,0.07491642981767654,0.06622381508350372
1436,0.06250299513339996,0.0678599402308464
1437,0.07221554964780807,0.06334233283996582
1438,0.06547794491052628,0.06596286594867706
1439,0.07914339751005173,0.06600266695022583
1440,0.07039425522089005,0.06297176331281662
1441,0.07519148290157318,0.06418910622596741
1442,0.07358449697494507,0.06262505799531937
1443,0.07280926406383514,0.06588400900363922
1444,0.06857690960168839,0.06341259181499481
1445,0.0641137957572937,0.06730221956968307
1446,0.07512444257736206,0.06521730124950409
1447,0.06868229806423187,0.0655517503619194
1448,0.07780396938323975,0.0662863552570343
1449,0.06723280996084213,0.06516457349061966
1450,0.06487192958593369,0.07070018351078033
1451,0.06304837018251419,0.06814312189817429
1452,0.07014746218919754,0.06416793167591095
1453,0.07361474633216858,0.06742236018180847
1454,0.06424342840909958,0.06572971493005753
1455,0.07006129622459412,0.06683562695980072
1456,0.062029048800468445,0.06522472947835922
1457,0.06119561195373535,0.06409058719873428
1458,0.0659734234213829,0.06472872197628021
1459,0.07254144549369812,0.06461357325315475
1460,0.0741237998008728,0.06342763453722
1461,0.06566962599754333,0.06591030210256577
1462,0.06828942149877548,0.06498157978057861
1463,0.06992422044277191,0.06762643158435822
1464,0.06728371232748032,0.06864029914140701
1465,0.07572944462299347,0.06655601412057877
1466,0.08077530562877655,0.06513785570859909
1467,0.06147756800055504,0.06752793490886688
1468,0.06899343430995941,0.06424139440059662
1469,0.07296320050954819,0.06360364705324173
1470,0.07343187928199768,0.0651133805513382
1471,0.0690075010061264,0.06781744211912155
1472,0.07726825773715973,0.06735633313655853
1473,0.0760076642036438,0.06142657250165939
1474,0.06763942539691925,0.06599944829940796
1475,0.06598052382469177,0.06529826670885086
1476,0.06357032805681229,0.06626633554697037
1477,0.06874601542949677,0.06843546032905579
1478,0.05856475979089737,0.0628742128610611
1479,0.0710940733551979,0.06919282674789429
1480,0.07314331084489822,0.06639017909765244
1481,0.0738711953163147,0.06405588239431381
1482,0.07075092196464539,0.06591316312551498
1483,0.06995079666376114,0.06717438250780106
1484,0.06491243094205856,0.07098046690225601
1485,0.06981347501277924,0.06847932189702988
1486,0.06563185900449753,0.06902480125427246
1487,0.0678267702460289,0.0616566501557827
1488,0.0754682794213295,0.06427562981843948
1489,0.059930212795734406,0.0671771690249443
1490,0.07529959827661514,0.06675516813993454
1491,0.06605714559555054,0.06320399045944214
1492,0.06809704005718231,0.0651644915342331
1493,0.06430070102214813,0.06440875679254532
1494,0.07529836148023605,0.06627069413661957
1495,0.05994471535086632,0.06441507488489151
1496,0.07448317855596542,0.06842473894357681
1497,0.06677762418985367,0.06482479721307755
1498,0.07460569590330124,0.06445417553186417
1499,0.07647540420293808,0.06289900839328766
1500,0.0739571824669838,0.06520185619592667
1501,0.07347341626882553,0.06534970551729202
1502,0.06573092192411423,0.06081836670637131
1503,0.06820138543844223,0.06492896378040314
1504,0.06765691936016083,0.06957267969846725
1505,0.07249515503644943,0.06675327569246292
1506,0.07788965106010437,0.0660489946603775
1507,0.06971282511949539,0.06439840793609619
1508,0.06913543492555618,0.061662811785936356
1509,0.0710853561758995,0.06744551658630371
1510,0.07614227384328842,0.06543607264757156
1511,0.06937796622514725,0.06407689303159714
1512,0.07008305191993713,0.0652204304933548
1513,0.06388644874095917,0.06529459357261658
1514,0.07733353972434998,0.06933325529098511
1515,0.062107741832733154,0.06933445483446121
1516,0.07695943117141724,0.06861039996147156
1517,0.06782452762126923,0.06531817466020584
1518,0.07181289047002792,0.06365145742893219
1519,0.07425235956907272,0.06558558344841003
1520,0.07483899593353271,0.06469404697418213
1521,0.07381036132574081,0.06410080194473267
1522,0.06780457496643066,0.06835529208183289
1523,0.07418934255838394,0.06829182803630829
1524,0.0698382779955864,0.06614372879266739
1525,0.06975340098142624,0.07008928060531616
1526,0.0823221281170845,0.06427786499261856
1527,0.07178055495023727,0.06825145334005356
1528,0.06874819099903107,0.0659155547618866
1529,0.069712333381176,0.06909211724996567
1530,0.06872081756591797,0.06256618350744247
1531,0.06803303956985474,0.06202710047364235
1532,0.06621535867452621,0.06581182032823563
1533,0.06863825768232346,0.06446585059165955
1534,0.07063145190477371,0.0648980662226677
1535,0.06197873875498772,0.06569963693618774
1536,0.07742747664451599,0.06901343911886215
1537,0.07391921430826187,0.06763505935668945
1538,0.07236244529485703,0.06153358146548271
1539,0.07571611553430557,0.060808781534433365
1540,0.07305687665939331,0.06896638870239258
1541,0.06305856257677078,0.06755677610635757
1542,0.07044311612844467,0.06791650503873825
1543,0.07519745081663132,0.06421325355768204
1544,0.06422435492277145,0.06575038284063339
1545,0.06972590833902359,0.06194906681776047
1546,0.06386803090572357,0.06341984122991562
1547,0.06980174034833908,0.06797518581151962
1548,0.06257971376180649,0.06810010969638824
1549,0.06700468808412552,0.06852730363607407
1550,0.06816940009593964,0.0688471868634224
1551,0.06564135104417801,0.06809186935424805
1552,0.06752210110425949,0.06497505307197571
1553,0.06848985701799393,0.06646602600812912
1554,0.07573005557060242,0.06403785943984985
1555,0.06750234216451645,0.06360118091106415
1556,0.07227707654237747,0.06640896946191788
1557,0.07635266333818436,0.06726929545402527
1558,0.07245472818613052,0.06812550872564316
1559,0.06763388961553574,0.06290420889854431
1560,0.07672545313835144,0.06630761921405792
1561,0.06695235520601273,0.06640659272670746
1562,0.07003982365131378,0.06671597808599472
1563,0.06753550469875336,0.06861639767885208
1564,0.07052352279424667,0.06458958983421326
1565,0.06338446587324142,0.06560639292001724
1566,0.06432913988828659,0.0662696436047554
1567,0.06598219275474548,0.0666523277759552
1568,0.06858258694410324,0.06712105125188828
1569,0.07290056347846985,0.06738335639238358
1570,0.06668487936258316,0.06810949742794037
1571,0.07233868539333344,0.06566468626260757
1572,0.06540637463331223,0.06617486476898193
1573,0.06793678551912308,0.06602700799703598
1574,0.07445966452360153,0.06259068101644516
1575,0.06270657479763031,0.06901989877223969
1576,0.07744034379720688,0.062161970883607864
1577,0.06898362934589386,0.06914982944726944
1578,0.07052158564329147,0.06727506220340729
1579,0.07552852481603622,0.06630238145589828
1580,0.05628545582294464,0.06541308015584946
1581,0.06462448835372925,0.06282665580511093
1582,0.06817514449357986,0.06511986255645752
1583,0.06642932444810867,0.06340539455413818
1584,0.06956499814987183,0.06986809521913528
1585,0.06437500566244125,0.06548533588647842
1586,0.0635586529970169,0.06556885689496994
1587,0.07130870968103409,0.07194830477237701
1588,0.06752840429544449,0.06748982518911362
1589,0.07191058993339539,0.06646452099084854
1590,0.07035097479820251,0.06264685839414597
1591,0.06794985383749008,0.06373178958892822
1592,0.07174825668334961,0.0666675865650177
1593,0.06768593937158585,0.06958607584238052
1594,0.06435886770486832,0.06548479199409485
1595,0.06445132195949554,0.06490187346935272
1596,0.07860709726810455,0.06349404156208038
1597,0.06558530777692795,0.06627895683050156
1598,0.07488414645195007,0.06536845862865448
1599,0.07111772149801254,0.06336449831724167
1600,0.0682017058134079,0.06760194152593613
1601,0.06687584519386292,0.06453534215688705
1602,0.06604452431201935,0.06764623522758484
1603,0.06510443240404129,0.0673629641532898
1604,0.06198965385556221,0.06602147966623306
1605,0.06714905053377151,0.06518873572349548
1606,0.0755196288228035,0.06644783169031143
1607,0.07075910270214081,0.06442706286907196
1608,0.06580812484025955,0.06745915859937668
1609,0.06775271892547607,0.06652139127254486
1610,0.0694074034690857,0.06626522541046143
1611,0.0672571063041687,0.06251281499862671
1612,0.07639329880475998,0.07061406224966049
1613,0.07177449762821198,0.0655127540230751
1614,0.06810562312602997,0.06912953406572342
1615,0.06885331124067307,0.06729239225387573
1616,0.07202773541212082,0.06749709695577621
1617,0.05991876497864723,0.06695982068777084
1618,0.06880336999893188,0.06625301390886307
1619,0.07130064070224762,0.06586926430463791
1620,0.07150290161371231,0.06585747748613358
1621,0.06693066656589508,0.06792762130498886
1622,0.07675409317016602,0.06527403742074966
1623,0.08201825618743896,0.06917919218540192
1624,0.06993256509304047,0.06913980096578598
1625,0.07010946422815323,0.06562168896198273
1626,0.06879350543022156,0.06586487591266632
1627,0.07226072996854782,0.06835698336362839
1628,0.06440868228673935,0.0681796446442604
1629,0.06906632333993912,0.06586696952581406
1630,0.07489210367202759,0.06551514565944672
1631,0.06173095852136612,0.07003229111433029
1632,0.06719192117452621,0.06110786646604538
1633,0.06797004491090775,0.06397486478090286
1634,0.07168947905302048,0.07114345580339432
1635,0.07191669940948486,0.06757602840662003
1636,0.07102378457784653,0.06245272234082222
1637,0.05568419769406319,0.06674759835004807
1638,0.06286001950502396,0.0634043887257576
1639,0.06889574974775314,0.06571900099515915
1640,0.07417238503694534,0.0681493878364563
1641,0.0736389011144638,0.06817232072353363
1642,0.06725286692380905,0.06405138224363327
1643,0.06607208400964737,0.06516614556312561
1644,0.06634966284036636,0.0631355345249176
1645,0.0674743801355362,0.06423071026802063
1646,0.07558099925518036,0.06323759257793427
1647,0.07020077854394913,0.0643525943160057
1648,0.06471903622150421,0.06551353633403778
1649,0.06887295097112656,0.0663800910115242
1650,0.05996333435177803,0.06526472419500351
1651,0.07569939643144608,0.06571037322282791
1652,0.06870147585868835,0.06619467586278915
1653,0.07472775131464005,0.06387387961149216
1654,0.06483612954616547,0.06482315063476562
1655,0.0705479308962822,0.06805504113435745
1656,0.08167719841003418,0.0654890388250351
1657,0.0682833194732666,0.06590394675731659
1658,0.06479150056838989,0.06607242673635483
1659,0.06962499022483826,0.07089367508888245
1660,0.069427490234375,0.06682109832763672
1661,0.0670880526304245,0.06921861320734024
1662,0.06464800983667374,0.06140025705099106
1663,0.06886056810617447,0.06564474105834961
1664,0.06978343427181244,0.0664837509393692
1665,0.08078625798225403,0.06821048259735107
1666,0.06980577111244202,0.06342865526676178
1667,0.08305036276578903,0.0659453421831131
1668,0.06391717493534088,0.06782562285661697
1669,0.06128545105457306,0.06564363837242126
1670,0.07289496809244156,0.058262601494789124
1671,0.06960617750883102,0.0641830638051033
1672,0.07675610482692719,0.06438420712947845
1673,0.07262804359197617,0.06468258053064346
1674,0.07000177353620529,0.06835957616567612
1675,0.06926606595516205,0.06092039495706558
1676,0.06989478319883347,0.07063375413417816
1677,0.06721743941307068,0.06443502008914948
1678,0.07273591309785843,0.06332908570766449
1679,0.07083740830421448,0.06599041819572449
1680,0.07393019646406174,0.061351872980594635
1681,0.06885287165641785,0.06761489808559418
1682,0.06382688134908676,0.06386259943246841
1683,0.06359393894672394,0.06436101347208023
1684,0.06420772522687912,0.06705428659915924
1685,0.06802542507648468,0.0614410899579525
1686,0.062225114554166794,0.06615958362817764
1687,0.0673094317317009,0.06669206917285919
1688,0.0712081640958786,0.06820838898420334
1689,0.07211744785308838,0.06435809284448624
1690,0.06671812385320663,0.06493353098630905
1691,0.07600722461938858,0.06739047914743423
1692,0.06878956407308578,0.06519679725170135
1693,0.07127541303634644,0.06369581818580627
1694,0.06793494522571564,0.06689926236867905
1695,0.05997765436768532,0.06645528972148895
1696,0.06451597064733505,0.06182459369301796
1697,0.07020065933465958,0.0642191544175148
1698,0.07900586724281311,0.0604328028857708
1699,0.07040278613567352,0.06283200532197952
1700,0.06972020864486694,0.06605330109596252
1701,0.07576979696750641,0.06571648269891739
1702,0.07305312156677246,0.06540890783071518
1703,0.07299672812223434,0.06625090539455414
1704,0.07503891736268997,0.06763241440057755
1705,0.05942128971219063,0.0670204758644104
1706,0.07287757843732834,0.06629165261983871
1707,0.06280088424682617,0.06717339903116226
1708,0.07060638815164566,0.06600535660982132
1709,0.0702139213681221,0.06497111171483994
1710,0.07548964768648148,0.0654263123869896
1711,0.06796175986528397,0.064415343105793
1712,0.06271049380302429,0.06616794317960739
1713,0.06390465795993805,0.06637502461671829
1714,0.06944684684276581,0.06763371080160141
1715,0.07425712794065475,0.06420089304447174
1716,0.07246340066194534,0.061944011598825455
1717,0.07233700156211853,0.06246868520975113
1718,0.06863237172365189,0.06819494068622589
1719,0.07381989061832428,0.0644829049706459
1720,0.07011030614376068,0.06743358820676804
1721,0.06365516781806946,0.06877877563238144
1722,0.07789643853902817,0.06578987091779709
1723,0.064115509390831,0.06642083078622818
1724,0.06934157013893127,0.06682386994361877
1725,0.06908593326807022,0.061852745711803436
1726,0.06864946335554123,0.06361227482557297
1727,0.06974336504936218,0.06697194278240204
1728,0.07458867132663727,0.06399187445640564
1729,0.0656195878982544,0.06872498989105225
1730,0.06418249756097794,0.06192566081881523
1731,0.06595300137996674,0.06754370778799057
1732,0.06836757808923721,0.06575604528188705
1733,0.06778842210769653,0.07002074271440506
1734,0.07392951846122742,0.06883273273706436
1735,0.07183519750833511,0.06522563099861145
1736,0.05984308570623398,0.06757372617721558
1737,0.07214028388261795,0.06455425173044205
1738,0.06997627019882202,0.0655016079545021
1739,0.06769978255033493,0.0631551444530487
1740,0.06448068469762802,0.06269808113574982
1741,0.06361513584852219,0.0673043355345726
1742,0.05806243047118187,0.06864809989929199
1743,0.07079041004180908,0.06955836713314056
1744,0.0792374312877655,0.06598745286464691
1745,0.07010398805141449,0.06710824370384216
1746,0.0585460364818573,0.06953467428684235
1747,0.06763938069343567,0.06348059326410294
1748,0.07034569978713989,0.06658964604139328
1749,0.06568101048469543,0.06574056297540665
1750,0.07081914693117142,0.06747343391180038
1751,0.07026538252830505,0.06332699209451675
1752,0.07808436453342438,0.06238069385290146
1753,0.06431073695421219,0.06474380940198898
1754,0.07816962897777557,0.06693082302808762
1755,0.07412410527467728,0.06566200405359268
1756,0.06958069652318954,0.06360763311386108
1757,0.06800217181444168,0.0640297681093216
1758,0.07276079058647156,0.0674205794930458
1759,0.06465795636177063,0.06927816569805145
1760,0.0699242353439331,0.06621390581130981
1761,0.07719506323337555,0.06631877273321152
1762,0.07014799863100052,0.06686138361692429
1763,0.06326382607221603,0.062200434505939484
1764,0.07039213925600052,0.06636924296617508
1765,0.06899947673082352,0.06388426572084427
1766,0.06331245601177216,0.06524329632520676
1767,0.06675085425376892,0.06476906687021255
1768,0.07472517341375351,0.06421423703432083
1769,0.0683184340596199,0.06348870694637299
1770,0.06468023359775543,0.062382981181144714
1771,0.06864667683839798,0.07160475850105286
1772,0.07336894422769547,0.0658930242061615
1773,0.06733474135398865,0.06712964922189713
1774,0.07113149762153625,0.0653374120593071
1775,0.0784398689866066,0.06762183457612991
1776,0.07273444533348083,0.06678565591573715
1777,0.07328404486179352,0.06378450244665146
1778,0.0693802535533905,0.061301566660404205
1779,0.06176694855093956,0.06624956429004669
1780,0.070224329829216,0.06555917114019394
1781,0.05621739476919174,0.06669910252094269
1782,0.08081481605768204,0.06648135185241699
1783,0.07686688005924225,0.06995071470737457
1784,0.06427814811468124,0.06642113626003265
1785,0.07281748205423355,0.0672934278845787
1786,0.07357874512672424,0.06804878264665604
1787,0.0687941387295723,0.06494728475809097
1788,0.07336147129535675,0.06811448186635971
1789,0.07396390289068222,0.06190948933362961
1790,0.07054033875465393,0.06862210482358932
1791,0.0721055194735527,0.06616582721471786
1792,0.06106361746788025,0.06494538486003876
1793,0.07249777019023895,0.0696968361735344
1794,0.06916540861129761,0.06691519916057587
1795,0.0796869546175003,0.06232780963182449
1796,0.06590147316455841,0.06364227831363678
1797,0.06735491007566452,0.06110097095370293
1798,0.06582961231470108,0.06402736157178879
1799,0.0591566264629364,0.06253747642040253
1800,0.06628445535898209,0.06681443005800247
1801,0.06663227081298828,0.06172047555446625
1802,0.06353086978197098,0.06578271090984344
1803,0.07026313990354538,0.0659758672118187
1804,0.07166751474142075,0.06826771050691605
1805,0.06236890330910683,0.0691058412194252
1806,0.07257715612649918,0.06484062224626541
1807,0.0767725482583046,0.06562089174985886
1808,0.06664670258760452,0.06365727633237839
1809,0.06519871950149536,0.0684104636311531
1810,0.0785617083311081,0.06546441465616226
1811,0.06612677127122879,0.06310179084539413
1812,0.0723264291882515,0.0651557520031929
1813,0.07357993721961975,0.06440020352602005
1814,0.07253474742174149,0.06600277870893478
1815,0.06822424381971359,0.06656308472156525
1816,0.07543514668941498,0.06532802432775497
1817,0.06288846582174301,0.06503214687108994
1818,0.0697743371129036,0.069660983979702
1819,0.06475495547056198,0.06549863517284393
1820,0.06593424826860428,0.06731711328029633
1821,0.06557091325521469,0.06931433081626892
1822,0.07214372605085373,0.06732486188411713
1823,0.0767926499247551,0.07024942338466644
1824,0.07426345348358154,0.06676582992076874
1825,0.061967842280864716,0.06562328338623047
1826,0.06416191160678864,0.06762517988681793
1827,0.07409827411174774,0.06822609901428223
1828,0.06787613034248352,0.06592383980751038
1829,0.06952384859323502,0.062433913350105286
1830,0.07116114348173141,0.06046401336789131
1831,0.07029255479574203,0.065335214138031
1832,0.07408303022384644,0.06625744700431824
1833,0.07522842288017273,0.06734219193458557
1834,0.06596684455871582,0.06260313093662262
1835,0.07650980353355408,0.06573942303657532
1836,0.07036340981721878,0.06575572490692139
1837,0.06667153537273407,0.06408493965864182
1838,0.0722883939743042,0.0672965869307518
1839,0.07109664380550385,0.06954071670770645
1840,0.0689903199672699,0.06463328003883362
1841,0.060592204332351685,0.06705810129642487
1842,0.06517413258552551,0.0656929686665535
1843,0.06579922139644623,0.070123091340065
1844,0.07503662258386612,0.06343061476945877
1845,0.06891969591379166,0.06596027314662933
1846,0.07115866243839264,0.06461277604103088
1847,0.07108160853385925,0.06348992139101028
1848,0.06847478449344635,0.06905655562877655
1849,0.0726918950676918,0.06467069685459137
1850,0.06668926030397415,0.0671510249376297
1851,0.06400225311517715,0.06489580124616623
1852,0.06799633800983429,0.06716561317443848
1853,0.06741058826446533,0.06186586618423462
1854,0.07061568647623062,0.0671306923031807
1855,0.07075504958629608,0.0663670152425766
1856,0.06403990834951401,0.06805551052093506
1857,0.06834726780653,0.061320506036281586
1858,0.06887149065732956,0.06415991485118866
1859,0.07255955785512924,0.06758300960063934
1860,0.06400305032730103,0.06415337324142456
1861,0.0751638188958168,0.0659400001168251
1862,0.07004276663064957,0.06344861537218094
1863,0.06312265992164612,0.06424080580472946
1864,0.056871235370635986,0.06375768780708313
1865,0.07324773073196411,0.06397474557161331
1866,0.0745340883731842,0.0674976259469986
1867,0.06316312402486801,0.06601488590240479
1868,0.0678403303027153,0.06487440317869186
1869,0.06542466580867767,0.06396106630563736
1870,0.07110857218503952,0.06520185619592667
1871,0.0768272653222084,0.06538750231266022
1872,0.06084279343485832,0.06564008444547653
1873,0.07294072210788727,0.0666489377617836
1874,0.06517685949802399,0.06206906959414482
1875,0.07592928409576416,0.0675860121846199
1876,0.07158132642507553,0.0663147121667862
1877,0.06864046305418015,0.06657887995243073
1878,0.07474936544895172,0.06471771001815796
1879,0.06811029464006424,0.06679341197013855
1880,0.07477438449859619,0.06413012742996216
1881,0.07115300744771957,0.06367360055446625
1882,0.06986593455076218,0.06704065203666687
1883,0.07385247945785522,0.06511247903108597
1884,0.07059895992279053,0.06506746262311935
1885,0.07153398543596268,0.06608816981315613
1886,0.07172918319702148,0.0659262016415596
1887,0.06449662148952484,0.06206712871789932
1888,0.06378931552171707,0.06469939649105072
1889,0.06921631842851639,0.06885887682437897
1890,0.0803300216794014,0.06977219134569168
1891,0.0682217925786972,0.06766311079263687
1892,0.07450082898139954,0.06474856287240982
1893,0.07426467537879944,0.06435318291187286
1894,0.06716975569725037,0.06820875406265259
1895,0.07080508768558502,0.06578868627548218
1896,0.06740884482860565,0.06391406804323196
1897,0.06966777890920639,0.06650148332118988
1898,0.06581182032823563,0.062314651906490326
1899,0.066481813788414,0.06622647494077682
1900,0.0727103129029274,0.07048601657152176
1901,0.0635417103767395,0.06912393867969513
1902,0.07697007805109024,0.06591887027025223
1903,0.06894134730100632,0.06566492468118668
1904,0.08095327019691467,0.07323356717824936
1905,0.07373996824026108,0.06327521800994873
1906,0.07670065760612488,0.06665981560945511
1907,0.06937149167060852,0.06565774977207184
1908,0.0723596140742302,0.06637955456972122
1909,0.05649294704198837,0.066746786236763
1910,0.06980191171169281,0.06667069345712662
1911,0.07142695784568787,0.06930521130561829
1912,0.07089097052812576,0.0700518786907196
1913,0.07223143428564072,0.06820463389158249
1914,0.06338778883218765,0.06375044584274292
1915,0.07018893957138062,0.0672544538974762
1916,0.0725431963801384,0.06436706334352493
1917,0.06912677735090256,0.06639911234378815
1918,0.07484422624111176,0.06665278226137161
1919,0.06836902350187302,0.06178070232272148
1920,0.06818927824497223,0.06837502866983414
1921,0.06857482343912125,0.06346676498651505
1922,0.06962656229734421,0.06271035969257355
1923,0.07524390518665314,0.06652339547872543
1924,0.07737861573696136,0.06398358196020126
1925,0.07555750757455826,0.06412927061319351
1926,0.07542233914136887,0.06603977829217911
1927,0.07691145688295364,0.06461659073829651
1928,0.07267583906650543,0.065749891102314
1929,0.06961263716220856,0.0671360120177269
1930,0.07290840148925781,0.06832855194807053
1931,0.0738014504313469,0.06563621014356613
1932,0.061910681426525116,0.06602879613637924
1933,0.07077262550592422,0.0701741948723793
1934,0.06626622378826141,0.06517183780670166
1935,0.06809253245592117,0.06979386508464813
1936,0.06378194689750671,0.0661218911409378
1937,0.06558458507061005,0.06649800390005112
1938,0.06878140568733215,0.0664195865392685
1939,0.06106676161289215,0.06507941335439682
1940,0.07584360986948013,0.06386182457208633
1941,0.06102599576115608,0.06921440362930298
1942,0.07054437696933746,0.06677063554525375
1943,0.0631234347820282,0.06588418036699295
1944,0.07436603307723999,0.06683310121297836
1945,0.06853412091732025,0.06800518929958344
1946,0.06955183297395706,0.06819984316825867
1947,0.0643254816532135,0.06775891780853271
1948,0.06906017661094666,0.06587677448987961
1949,0.06218435615301132,0.0689532682299614
1950,0.06728438287973404,0.062027428299188614
1951,0.06322640180587769,0.065181203186512
1952,0.06368078291416168,0.06137046962976456
1953,0.07792358845472336,0.06710698455572128
1954,0.06605380028486252,0.06677335500717163
1955,0.06599512696266174,0.06757617741823196
1956,0.0776655375957489,0.06667210906744003
1957,0.06976182013750076,0.0643267035484314
1958,0.07090019434690475,0.06414221227169037
1959,0.06758396327495575,0.0693063735961914
1960,0.07305195927619934,0.06685347110033035
1961,0.06974498182535172,0.06102718412876129
1962,0.07392548024654388,0.065640389919281
1963,0.05832504853606224,0.06037982553243637
1964,0.07470331341028214,0.06572425365447998
1965,0.07279159873723984,0.06296698749065399
1966,0.07106132805347443,0.06616491824388504
1967,0.06595375388860703,0.06300502270460129
1968,0.06943589448928833,0.06255438178777695
1969,0.06697309017181396,0.06692682951688766
1970,0.07173411548137665,0.06373629719018936
1971,0.07536577433347702,0.06699808686971664
1972,0.07563791424036026,0.06835440546274185
1973,0.06806651502847672,0.06185226887464523
1974,0.07417815923690796,0.06671527028083801
1975,0.07251133024692535,0.0661056786775589
1976,0.06940235942602158,0.06423922628164291
1977,0.06943456083536148,0.06408620625734329
1978,0.0746518149971962,0.06610914319753647
1979,0.06338510662317276,0.06834562122821808
1980,0.07718183100223541,0.06562989205121994
1981,0.06932250410318375,0.0665660873055458
1982,0.07065466046333313,0.06854906678199768
1983,0.07377035915851593,0.06456078588962555
1984,0.0607890821993351,0.06662528216838837
1985,0.07331788539886475,0.06565068662166595
1986,0.07337598502635956,0.07380286604166031
1987,0.06907627731561661,0.06650804728269577
1988,0.06414225697517395,0.05962372198700905
1989,0.06903336197137833,0.0709119439125061
1990,0.06397273391485214,0.0645674467086792
1991,0.06815928965806961,0.06538768112659454
1992,0.07066944986581802,0.06585176289081573
1993,0.06460893899202347,0.06698065251111984
1994,0.07150568068027496,0.06290100514888763
1995,0.06643084436655045,0.0668690875172615
1996,0.06515612453222275,0.06525277346372604
1997,0.06853170692920685,0.06424694508314133
1998,0.0674906075000763,0.0691840797662735
1999,0.06652671843767166,0.06108834967017174
2000,0.06916247308254242,0.06422995030879974
